{"timeoff_management_with_coverage____html[1]_body[1]_div[1]_form[1]": {"1": 25.943328619003296, "total": 25.943328619003296}, "total": {"1": 25.943328619003296, "2": 11.404590606689453, "3": 49.540592670440674}, "timeoff_management_with_coverage__forgot-password___html[1]_body[1]_div[1]_form[1]": {"1": 11.404590606689453, "total": 11.404590606689453}, "timeoff_management_with_coverage__register___html[1]_body[1]_div[1]_div[3]_div[1]_form[1]": {"1": 49.540592670440674, "total": 49.540592670440674}}